"BROKEN","EPIC","FAILED","FEATURE","PASSED","SKIPPED","STORY","UNKNOWN"
"0","TMDB API","0","Contracts","1","0","Get Popular Invalid Movies Contract","0"
"0","TMDB API","0","Movies","3","0","Get Movie Details","0"
"0","TMDB API","0","Movies","1","0","Delete Movie Rating","0"
"0","TMDB API","0","Lists","2","0","Update List Description","0"
"0","TMDB API","0","Movies","3","0","Get Movie Details - Invalid","0"
"0","TMDB API","0","Movies","2","0","Add Movie Rating","0"
"0","TMDB API","0","Movies","2","0","Add Movie Rating - Invalid Value","0"
"0","TMDB API","0","People","3","0","Get Invalid Person Details","0"
"0","TMDB API","0","Lists","2","0","Update Invalid List Description","0"
"0","TMDB API","0","Contracts","1","0","Get Movie Details Contract","0"
"0","TMDB API","0","People","1","0","Get Person Details","0"
"0","TMDB API","0","Movie Lists","2","0","Get Popular Movies","0"
"0","TMDB API","0","Movies","2","0","Delete Invalid Movie Rating","0"
"0","TMDB API","0","Contracts","1","0","Get Popular Movies Contract","0"
"0","TMDB API","0","Movie Lists","1","0","Get Popular Movies with Invalid Query Params","0"
"0","TMDB API","0","Contracts","1","0","Get Invalid Movie Details Contract","0"
