"DESCRIPTION","DURATION IN MS","NAME","PARENT SUITE","START TIME","STATUS","STOP TIME","SUB SUITE","SUITE","TEST CLASS","TEST METHOD"
"Issues from failing dimensions are prefixed with the dimension name; passing ones are skipped.","0","test_collects_failed_dimension_issues","tests.evals","Fri Oct 09 16:15:54 UTC 2026","passed","Fri Oct 09 16:15:54 UTC 2026","TestCollectIssues","test_failure_refine","",""
"
        Test discovering movies with each supported filter/sort parameter.

        Validates that a discovery request returns the paginated results
        correctly, including response structure and content. The client
        defaults the page parameter to 1 when not supplied.

        :param discover_api: DiscoverAPI client fixture from conftest.py.
        :param load_schema: Schema loader fixture from conftest.py.
        :param discover_case: Parametrized test data containing valid query_param
                              and expected status_code.
        ","80","Discover movies with query params: {'with_original_language': 'en'}","tests.discover","Fri Oct 09 16:15:53 UTC 2026","passed","Fri Oct 09 16:15:53 UTC 2026","TestDiscoverMovies","test_movie","",""
"
        Test searching movies with a missing, empty or unmatched query.

        TMDB returns 200 with an empty results page for these requests
        rather than an error, so the test asserts the empty pagination
        body directly (the search schema requires at least one result,
        so it does not apply here).

        :param search_api: SearchAPI client fixture from conftest.py.
        :param empty_case: Parametrized test data containing a query_param
                           that yields no matches and expected status_code.
        ","87","Search movies with no matches for query params: {'query': ''}","tests.search","Fri Oct 09 16:15:59 UTC 2026","passed","Fri Oct 09 16:15:59 UTC 2026","TestSearchMovies","test_movie","",""
"
        Test searching movies with each supported query parameter.

        Validates that a matched search returns the paginated results
        correctly, including response structure and content. The client
        defaults the page parameter to 1 when not supplied.

        :param search_api: SearchAPI client fixture from conftest.py.
        :param load_schema: Schema loader fixture from conftest.py.
        :param search_case: Parametrized test data containing valid query_param
                            and expected status_code.
        ","37","Search movies with query params: {'query': 'Superman'}","tests.search","Fri Oct 09 16:15:59 UTC 2026","passed","Fri Oct 09 16:15:59 UTC 2026","TestSearchMovies","test_movie","",""
"A disabled analyzer performs no completion and returns None.","0","test_returns_none_when_disabled","tests.evals","Fri Oct 09 16:15:54 UTC 2026","passed","Fri Oct 09 16:15:54 UTC 2026","TestRefine","test_failure_refine","",""
"
        Test fetching person details with an invalid person ID.

        Validates that the API returns the expected error status code and
        message, with a body that conforms to the strict GenericResponse schema.

        :param people_api: PeopleAPI client fixture from conftest.py.
        :param load_schema: Schema loader fixture from conftest.py.
        :param invalid_person_details: Parametrized test data containing an
                                       invalid person_id, expected status_code,
                                       and expected_message.
        ","85","Get details for invalid person ID: -1","tests.people","Fri Oct 09 16:15:58 UTC 2026","passed","Fri Oct 09 16:15:58 UTC 2026","TestDetails","test_details","",""
"
        Test searching movies with each supported query parameter.

        Validates that a matched search returns the paginated results
        correctly, including response structure and content. The client
        defaults the page parameter to 1 when not supplied.

        :param search_api: SearchAPI client fixture from conftest.py.
        :param load_schema: Schema loader fixture from conftest.py.
        :param search_case: Parametrized test data containing valid query_param
                            and expected status_code.
        ","44","Search movies with query params: {'query': 'Terminator', 'language': 'en-US', 'include_adult': 'true', 'region': 'US', 'year': '1984', 'primary_release_year': '1984', 'page': 1}","tests.search","Fri Oct 09 16:15:59 UTC 2026","passed","Fri Oct 09 16:15:59 UTC 2026","TestSearchMovies","test_movie","",""
"
        Test searching movies with invalid parameters.

        Validates that appropriate error responses are returned when
        invalid query parameters are provided for the search movie endpoint.

        :param search_api: SearchAPI client fixture from conftest.py.
        :param load_schema: Schema loader fixture from conftest.py.
        :param invalid_test: Parametrized test data containing invalid query_param,
                             expected status_code, and expected_message.
        ","83","Search movies with invalid query params: {'query': 'Avatar', 'page': -1}","tests.search","Fri Oct 09 16:15:59 UTC 2026","passed","Fri Oct 09 16:16:00 UTC 2026","TestSearchMovies","test_movie","",""
"
        Test searching movies with a missing, empty or unmatched query.

        TMDB returns 200 with an empty results page for these requests
        rather than an error, so the test asserts the empty pagination
        body directly (the search schema requires at least one result,
        so it does not apply here).

        :param search_api: SearchAPI client fixture from conftest.py.
        :param empty_case: Parametrized test data containing a query_param
                           that yields no matches and expected status_code.
        ","95","Search movies with no matches for query params: {'query': 'zzzqqqxyzzy123'}","tests.search","Fri Oct 09 16:15:59 UTC 2026","passed","Fri Oct 09 16:15:59 UTC 2026","TestSearchMovies","test_movie","",""
"
        Test retrieving trending movies with invalid parameters.

        Validates that appropriate error responses are returned when invalid
        query parameters are provided for the trending movies endpoint.

        :param trending_api: TrendingAPI client fixture from conftest.py.
        :param load_schema: Schema loader fixture from conftest.py.
        :param invalid_test: Parametrized test data containing a valid
                             time_window, invalid query_param, expected
                             status_code, and expected_message.
        ","79","Get trending movies with invalid query params: {'page': -1}","tests.trending","Fri Oct 09 16:16:00 UTC 2026","passed","Fri Oct 09 16:16:00 UTC 2026","TestTrendingMovies","test_movie","",""
"
        Test successful retrieval of movie details for valid movie IDs.

        Validates the response for existing movie IDs, ensuring the
        expected status code, HTTP metadata, response structure, and
        Pydantic schema all match for a valid request.

        :param movies_api: MoviesAPI client fixture from conftest.py.
        :param load_schema: Schema loader fixture from conftest.py.
        :param movie_details: Parametrized test data containing valid movie_id,
                             expected status_code, and expected_message.
        ","76","Get movie details for ID: 64391","tests.movies","Fri Oct 09 16:15:57 UTC 2026","passed","Fri Oct 09 16:15:57 UTC 2026","TestDetails","test_details","",""
"
        Test searching movies with each supported query parameter.

        Validates that a matched search returns the paginated results
        correctly, including response structure and content. The client
        defaults the page parameter to 1 when not supplied.

        :param search_api: SearchAPI client fixture from conftest.py.
        :param load_schema: Schema loader fixture from conftest.py.
        :param search_case: Parametrized test data containing valid query_param
                            and expected status_code.
        ","44","Search movies with query params: {'query': 'The Matrix', 'year': '1999'}","tests.search","Fri Oct 09 16:15:59 UTC 2026","passed","Fri Oct 09 16:15:59 UTC 2026","TestSearchMovies","test_movie","",""
"
        Test adding a movie rating with an invalid rating value.

        Validates that submitting an out-of-range rating value returns the
        expected 400 Bad Request with one of the accepted validation messages.

        :param movies_api: MoviesAPI client fixture from conftest.py.
        :param load_schema: Schema loader fixture from conftest.py.
        :param add_invalid_rating: Parametrized test data containing movie_id, an
                                   invalid rating payload, expected status_code,
                                   and the set of acceptable validation messages.
        ","81","Add rating 13.9 for movie ID: 27663","tests.movies","Fri Oct 09 16:15:57 UTC 2026","passed","Fri Oct 09 16:15:57 UTC 2026","TestAddRating","test_add_rating","",""
"
        Search for a movie, then fetch the top result's full details.

        The id returned by ``search/movie`` is fed into ``movie/{id}`` and the response is
        asserted to describe the same movie.

        :param search_api: SearchAPI client fixture.
        :param movies_api: MoviesAPI client fixture.
        :param load_schema: Schema loader fixture.
        :param search_case: Parametrized search case supplying the query
                            (from the search_movies valid data).
        ","176","Journey: search 'Terminator' -> movie details","tests.journeys","Fri Oct 09 16:15:55 UTC 2026","passed","Fri Oct 09 16:15:55 UTC 2026","TestSearchToDetails","test_search_to_details","",""
"
        Test searching movies with a missing, empty or unmatched query.

        TMDB returns 200 with an empty results page for these requests
        rather than an error, so the test asserts the empty pagination
        body directly (the search schema requires at least one result,
        so it does not apply here).

        :param search_api: SearchAPI client fixture from conftest.py.
        :param empty_case: Parametrized test data containing a query_param
                           that yields no matches and expected status_code.
        ","87","Search movies with no matches for query params: {}","tests.search","Fri Oct 09 16:15:59 UTC 2026","passed","Fri Oct 09 16:15:59 UTC 2026","TestSearchMovies","test_movie","",""
"
        Verify popular movies list response structure.

        Tests the GET /movie/popular endpoint with pagination.
        Verifies the response contains proper pagination and movie array.
        ","2","Get Popular Movies","tests.contracts","Fri Oct 09 16:15:47 UTC 2026","passed","Fri Oct 09 16:15:47 UTC 2026","TestPopularMovies","test_popular_movies","",""
"
        Test discovering movies with filters that match nothing.

        TMDB returns 200 with an empty results page for these requests
        rather than an error, so the test asserts the empty pagination
        body directly (the discover schema requires at least one result,
        so it does not apply here).

        :param discover_api: DiscoverAPI client fixture from conftest.py.
        :param empty_case: Parametrized test data containing a query_param
                           that yields no matches and expected status_code.
        ","92","Discover movies with no matches for query params: {'vote_count.gte': '100000000'}","tests.discover","Fri Oct 09 16:15:53 UTC 2026","passed","Fri Oct 09 16:15:53 UTC 2026","TestDiscoverMovies","test_movie","",""
"Each required per-case field is enforced with a naming ``ValueError``.

        :param tmp_path: Pytest temp-dir fixture.
        :param mutate: A function that breaks one field of a valid case in place.
        :param match: Substring expected in the raised ``ValueError``.
        ","1","test_rejects_invalid_case[<lambda>-test_name is required1]","tests.evals","Fri Oct 09 16:15:54 UTC 2026","passed","Fri Oct 09 16:15:54 UTC 2026","TestLoadDataset","test_dataset","",""
"
        Search for a movie, then fetch the top result's full details.

        The id returned by ``search/movie`` is fed into ``movie/{id}`` and the response is
        asserted to describe the same movie.

        :param search_api: SearchAPI client fixture.
        :param movies_api: MoviesAPI client fixture.
        :param load_schema: Schema loader fixture.
        :param search_case: Parametrized search case supplying the query
                            (from the search_movies valid data).
        ","181","Journey: search 'Inception' -> movie details","tests.journeys","Fri Oct 09 16:15:54 UTC 2026","passed","Fri Oct 09 16:15:54 UTC 2026","TestSearchToDetails","test_search_to_details","",""
"``test_name`` and ``model`` are removed; other keys are preserved.","0","test_drops_test_name_and_model","tests.evals","Fri Oct 09 16:15:54 UTC 2026","passed","Fri Oct 09 16:15:54 UTC 2026","TestSanitizeDiagnosis","test_judge","",""
"
        Test retrieving trending movies for each supported time window.

        Validates that a valid request returns the paginated results
        correctly, including response structure and content. The client
        defaults the page parameter to 1 when not supplied.

        :param trending_api: TrendingAPI client fixture from conftest.py.
        :param load_schema: Schema loader fixture from conftest.py.
        :param trending_case: Parametrized test data containing a valid
                              time_window, optional query_param, and expected
                              status_code.
        ","84","Get trending movies for time window: day","tests.trending","Fri Oct 09 16:16:00 UTC 2026","passed","Fri Oct 09 16:16:00 UTC 2026","TestTrendingMovies","test_movie","",""
"
        Test error handling for invalid movie IDs.

        Validates proper error responses when requesting non-existent
        or invalid movie IDs, ensuring appropriate status codes and
        error messages are returned.

        :param movies_api: MoviesAPI client fixture from conftest.py.
        :param load_schema: Schema loader fixture from conftest.py.
        :param invalid_test: Parametrized test data containing invalid movie_id,
                             expected status_code, and expected_message.
        ","78","Invalid movie ID: 0","tests.movies","Fri Oct 09 16:15:57 UTC 2026","passed","Fri Oct 09 16:15:58 UTC 2026","TestDetails","test_details","",""
"A numeric-string ``confidence`` is coerced to ``int``.","0","test_coerces_string_confidence_to_int","tests.evals","Fri Oct 09 16:15:54 UTC 2026","passed","Fri Oct 09 16:15:54 UTC 2026","TestSanitizeDiagnosis","test_judge","",""
"The offline schema scores all four dimensions.","0","test_offline_schema_has_four_dimensions","tests.evals","Fri Oct 09 16:15:54 UTC 2026","passed","Fri Oct 09 16:15:54 UTC 2026","TestOutputSchema","test_judge","",""
"
        Test adding a movie rating with a valid session.

        Validates that a valid rating submission returns the expected 201
        success response, correct HTTP metadata, and a body that conforms
        to the strict RatingResponse schema.

        :param movies_api: MoviesAPI client fixture from conftest.py.
        :param load_schema: Schema loader fixture from conftest.py.
        :param add_valid_rating: Parametrized test data containing the rating
                                 payload, expected status_code, and reason.
        ","91","Add rating 8.0 for movie ID: 10316","tests.movies","Fri Oct 09 16:15:52 UTC 2026","passed","Fri Oct 09 16:15:52 UTC 2026","TestAddRating","test_add_rating","",""
"Verify movie details response structure for movie ID 550 (Fight Club). Using matchers to allow flexible type-based matching.","10","Get Movie Details","tests.contracts","Fri Oct 09 16:15:47 UTC 2026","passed","Fri Oct 09 16:15:47 UTC 2026","TestMovieDetails","test_movie_details","",""
"
        Test retrieving trending movies for each supported time window.

        Validates that a valid request returns the paginated results
        correctly, including response structure and content. The client
        defaults the page parameter to 1 when not supplied.

        :param trending_api: TrendingAPI client fixture from conftest.py.
        :param load_schema: Schema loader fixture from conftest.py.
        :param trending_case: Parametrized test data containing a valid
                              time_window, optional query_param, and expected
                              status_code.
        ","52","Get trending movies for time window: week","tests.trending","Fri Oct 09 16:16:00 UTC 2026","passed","Fri Oct 09 16:16:00 UTC 2026","TestTrendingMovies","test_movie","",""
"
        Test retrieving popular movies with default parameters.

        Validates that the default page of popular movies is returned
        correctly, including response structure and content.

        :param movies_api: MoviesAPI client fixture from conftest.py.
        :param load_schema: Schema loader fixture from conftest.py
        :param pop_movies: Parametrized test data containing valid query_param,
                           expected status_code, and expected_message.
        ","88","Get popular movies with query params: {'language': 'en-US'}","tests.movie_lists","Fri Oct 09 16:15:57 UTC 2026","passed","Fri Oct 09 16:15:57 UTC 2026","TestMoviesAPI","test_popular","",""
"
        Test discovering movies with each supported filter/sort parameter.

        Validates that a discovery request returns the paginated results
        correctly, including response structure and content. The client
        defaults the page parameter to 1 when not supplied.

        :param discover_api: DiscoverAPI client fixture from conftest.py.
        :param load_schema: Schema loader fixture from conftest.py.
        :param discover_case: Parametrized test data containing valid query_param
                              and expected status_code.
        ","101","Discover movies with query params: {'language': 'en-US', 'include_adult': 'true', 'include_video': 'true', 'sort_by': 'popularity.desc', 'primary_release_year': '1989', 'region': 'US', 'with_genres': '28', 'with_original_language': 'en', 'vote_average.gte': '7', 'page': 1}","tests.discover","Fri Oct 09 16:15:53 UTC 2026","passed","Fri Oct 09 16:15:53 UTC 2026","TestDiscoverMovies","test_movie","",""
"
        Test discovering movies with each supported filter/sort parameter.

        Validates that a discovery request returns the paginated results
        correctly, including response structure and content. The client
        defaults the page parameter to 1 when not supplied.

        :param discover_api: DiscoverAPI client fixture from conftest.py.
        :param load_schema: Schema loader fixture from conftest.py.
        :param discover_case: Parametrized test data containing valid query_param
                              and expected status_code.
        ","88","Discover movies with query params: {}","tests.discover","Fri Oct 09 16:15:52 UTC 2026","passed","Fri Oct 09 16:15:52 UTC 2026","TestDiscoverMovies","test_movie","",""
"
        Test retrieving trending movies for each supported time window.

        Validates that a valid request returns the paginated results
        correctly, including response structure and content. The client
        defaults the page parameter to 1 when not supplied.

        :param trending_api: TrendingAPI client fixture from conftest.py.
        :param load_schema: Schema loader fixture from conftest.py.
        :param trending_case: Parametrized test data containing a valid
                              time_window, optional query_param, and expected
                              status_code.
        ","108","Get trending movies for time window: day","tests.trending","Fri Oct 09 16:16:00 UTC 2026","passed","Fri Oct 09 16:16:00 UTC 2026","TestTrendingMovies","test_movie","",""
"The live schema drops correctness (no reference answer live).","0","test_live_schema_excludes_correctness","tests.evals","Fri Oct 09 16:15:54 UTC 2026","passed","Fri Oct 09 16:15:54 UTC 2026","TestOutputSchema","test_judge","",""
"Each required per-case field is enforced with a naming ``ValueError``.

        :param tmp_path: Pytest temp-dir fixture.
        :param mutate: A function that breaks one field of a valid case in place.
        :param match: Substring expected in the raised ``ValueError``.
        ","1","test_rejects_invalid_case[<lambda>-test_name is required0]","tests.evals","Fri Oct 09 16:15:54 UTC 2026","passed","Fri Oct 09 16:15:54 UTC 2026","TestLoadDataset","test_dataset","",""
"
        Test fetching person details with an invalid person ID.

        Validates that the API returns the expected error status code and
        message, with a body that conforms to the strict GenericResponse schema.

        :param people_api: PeopleAPI client fixture from conftest.py.
        :param load_schema: Schema loader fixture from conftest.py.
        :param invalid_person_details: Parametrized test data containing an
                                       invalid person_id, expected status_code,
                                       and expected_message.
        ","90","Get details for invalid person ID: 9999999999","tests.people","Fri Oct 09 16:15:58 UTC 2026","passed","Fri Oct 09 16:15:58 UTC 2026","TestDetails","test_details","",""
"
        Test discovering movies with invalid parameters.

        Validates that appropriate error responses are returned when
        invalid query parameters are provided for the discover movie endpoint.

        :param discover_api: DiscoverAPI client fixture from conftest.py.
        :param load_schema: Schema loader fixture from conftest.py.
        :param invalid_test: Parametrized test data containing invalid query_param,
                             expected status_code, and expected_message.
        ","76","Discover movies with invalid query params: {'page': 501}","tests.discover","Fri Oct 09 16:15:54 UTC 2026","passed","Fri Oct 09 16:15:54 UTC 2026","TestDiscoverMovies","test_movie","",""
"An all-pass judgement contributes no issues.","0","test_empty_when_all_pass","tests.evals","Fri Oct 09 16:15:54 UTC 2026","passed","Fri Oct 09 16:15:54 UTC 2026","TestCollectIssues","test_failure_refine","",""
"
        Search for a movie, then fetch the top result's full details.

        The id returned by ``search/movie`` is fed into ``movie/{id}`` and the response is
        asserted to describe the same movie.

        :param search_api: SearchAPI client fixture.
        :param movies_api: MoviesAPI client fixture.
        :param load_schema: Schema loader fixture.
        :param search_case: Parametrized search case supplying the query
                            (from the search_movies valid data).
        ","169","Journey: search 'Superman' -> movie details","tests.journeys","Fri Oct 09 16:15:54 UTC 2026","passed","Fri Oct 09 16:15:54 UTC 2026","TestSearchToDetails","test_search_to_details","",""
"
        Test adding a movie rating with a valid session.

        Validates that a valid rating submission returns the expected 201
        success response, correct HTTP metadata, and a body that conforms
        to the strict RatingResponse schema.

        :param movies_api: MoviesAPI client fixture from conftest.py.
        :param load_schema: Schema loader fixture from conftest.py.
        :param add_valid_rating: Parametrized test data containing the rating
                                 payload, expected status_code, and reason.
        ","78","Add rating 7.5 for movie ID: 3557","tests.movies","Fri Oct 09 16:15:52 UTC 2026","passed","Fri Oct 09 16:15:52 UTC 2026","TestAddRating","test_add_rating","",""
"When the judge returns None (API error), no refinement is attempted.","0","test_none_judgement_stops_immediately","tests.evals","Fri Oct 09 16:15:54 UTC 2026","passed","Fri Oct 09 16:15:54 UTC 2026","TestRefineUntilConfident","test_failure_refine","",""
"
        Test fetching review details with a valid review ID.

        Validates that the response returns the expected 200 status, correct
        HTTP metadata, the requested review ID echoed in the body, and a
        body that conforms to the strict ReviewDetails schema.

        :param reviews_api: ReviewsAPI client fixture from conftest.py.
        :param load_schema: Schema loader fixture from conftest.py.
        :param review_details: Parametrized test data containing a valid
                               review_id, expected status_code, and reason.
        ","139","Get details for review ID: 647486b55cd16e0133e28344","tests.reviews","Fri Oct 09 16:15:58 UTC 2026","passed","Fri Oct 09 16:15:59 UTC 2026","TestDetails","test_details","",""
"The top-level document must be a mapping with a non-empty ``cases`` list.

        :param tmp_path: Pytest temp-dir fixture.
        :param payload: A malformed top-level document.
        :param match: Substring expected in the raised ``ValueError``.
        ","0","test_rejects_bad_top_level[payload2-no cases]","tests.evals","Fri Oct 09 16:15:54 UTC 2026","passed","Fri Oct 09 16:15:54 UTC 2026","TestLoadDataset","test_dataset","",""
"A persistently failing judge stops after max_iterations refine passes.","0","test_stops_at_max_iterations","tests.evals","Fri Oct 09 16:15:54 UTC 2026","passed","Fri Oct 09 16:15:54 UTC 2026","TestRefineUntilConfident","test_failure_refine","",""
"
        Test fetching network details with an invalid network ID.

        Validates that the API returns the expected error status code and
        message, with a body that conforms to the strict GenericResponse schema.

        :param networks_api: NetworksAPI client fixture from conftest.py.
        :param load_schema: Schema loader fixture from conftest.py.
        :param invalid_network_details: Parametrized test data containing an
                                        invalid network_id, expected status_code,
                                        and expected_message.
        ","81","Get details for invalid network ID: 0","tests.networks","Fri Oct 09 16:15:58 UTC 2026","passed","Fri Oct 09 16:15:58 UTC 2026","TestDetails","test_details","",""
"
        Test searching movies with each supported query parameter.

        Validates that a matched search returns the paginated results
        correctly, including response structure and content. The client
        defaults the page parameter to 1 when not supplied.

        :param search_api: SearchAPI client fixture from conftest.py.
        :param load_schema: Schema loader fixture from conftest.py.
        :param search_case: Parametrized test data containing valid query_param
                            and expected status_code.
        ","46","Search movies with query params: {'query': 'Jurassic Park', 'primary_release_year': '1993'}","tests.search","Fri Oct 09 16:15:59 UTC 2026","passed","Fri Oct 09 16:15:59 UTC 2026","TestSearchMovies","test_movie","",""
"
        Test searching movies with invalid parameters.

        Validates that appropriate error responses are returned when
        invalid query parameters are provided for the search movie endpoint.

        :param search_api: SearchAPI client fixture from conftest.py.
        :param load_schema: Schema loader fixture from conftest.py.
        :param invalid_test: Parametrized test data containing invalid query_param,
                             expected status_code, and expected_message.
        ","84","Search movies with invalid query params: {'query': 'Gladiator', 'page': 501}","tests.search","Fri Oct 09 16:16:00 UTC 2026","passed","Fri Oct 09 16:16:00 UTC 2026","TestSearchMovies","test_movie","",""
"
        Test discovering movies with each supported filter/sort parameter.

        Validates that a discovery request returns the paginated results
        correctly, including response structure and content. The client
        defaults the page parameter to 1 when not supplied.

        :param discover_api: DiscoverAPI client fixture from conftest.py.
        :param load_schema: Schema loader fixture from conftest.py.
        :param discover_case: Parametrized test data containing valid query_param
                              and expected status_code.
        ","109","Discover movies with query params: {'year': '1989'}","tests.discover","Fri Oct 09 16:15:53 UTC 2026","passed","Fri Oct 09 16:15:53 UTC 2026","TestDiscoverMovies","test_movie","",""
"
        Test updating a list with valid parameters.

        Validates that the list is updated correctly, returning the expected
        201 success response, correct HTTP metadata, and a body that conforms
        to the strict GenericResponse schema.

        :param lists_api: ListsAPI client fixture from conftest.py.
        :param load_schema: Schema loader fixture from conftest.py.
        :param update_list: Parametrized test data containing valid list_id,
                            payload, expected status_code, and expected_message.
        ","196","Update Description for list ID 8637178","tests.lists","Fri Oct 09 16:15:56 UTC 2026","passed","Fri Oct 09 16:15:56 UTC 2026","TestUpdate","test_update","",""
"Judge-pass at confidence 80 still refines up to the confidence target.","0","test_refines_when_only_confidence_below_target","tests.evals","Fri Oct 09 16:15:54 UTC 2026","passed","Fri Oct 09 16:15:54 UTC 2026","TestRefineUntilConfident","test_failure_refine","",""
"
        Test fetching review details with an invalid review ID.

        Validates that the API returns the expected 404 status and message,
        with a body that conforms to the strict GenericResponse schema.

        :param reviews_api: ReviewsAPI client fixture from conftest.py.
        :param load_schema: Schema loader fixture from conftest.py.
        :param invalid_review_details: Parametrized test data containing an
                                       invalid review_id, expected status_code,
                                       and expected_message.
        ","85","Get details for invalid review ID: 0","tests.reviews","Fri Oct 09 16:15:59 UTC 2026","passed","Fri Oct 09 16:15:59 UTC 2026","TestDetails","test_details","",""
"
        Search for a movie, then fetch the top result's full details.

        The id returned by ``search/movie`` is fed into ``movie/{id}`` and the response is
        asserted to describe the same movie.

        :param search_api: SearchAPI client fixture.
        :param movies_api: MoviesAPI client fixture.
        :param load_schema: Schema loader fixture.
        :param search_case: Parametrized search case supplying the query
                            (from the search_movies valid data).
        ","180","Journey: search 'Spider-Man' -> movie details","tests.journeys","Fri Oct 09 16:15:54 UTC 2026","passed","Fri Oct 09 16:15:54 UTC 2026","TestSearchToDetails","test_search_to_details","",""
"
        Test fetching network details with a valid network ID.

        Validates that the response returns the expected 200 status, correct
        HTTP metadata, the requested network ID echoed in the body, and a
        body that conforms to the strict NetworkDetails schema.

        :param networks_api: NetworksAPI client fixture from conftest.py.
        :param load_schema: Schema loader fixture from conftest.py.
        :param network_details: Parametrized test data containing a valid
                                network_id, expected status_code, and reason.
        ","84","Get details for network ID: 174","tests.networks","Fri Oct 09 16:15:58 UTC 2026","passed","Fri Oct 09 16:15:58 UTC 2026","TestDetails","test_details","",""
"
        Test discovering movies with invalid parameters.

        Validates that appropriate error responses are returned when
        invalid query parameters are provided for the discover movie endpoint.

        :param discover_api: DiscoverAPI client fixture from conftest.py.
        :param load_schema: Schema loader fixture from conftest.py.
        :param invalid_test: Parametrized test data containing invalid query_param,
                             expected status_code, and expected_message.
        ","83","Discover movies with invalid query params: {'page': -1}","tests.discover","Fri Oct 09 16:15:54 UTC 2026","passed","Fri Oct 09 16:15:54 UTC 2026","TestDiscoverMovies","test_movie","",""
"
        Test error handling for invalid movie IDs.

        Validates proper error responses when requesting non-existent
        or invalid movie IDs, ensuring appropriate status codes and
        error messages are returned.

        :param movies_api: MoviesAPI client fixture from conftest.py.
        :param load_schema: Schema loader fixture from conftest.py.
        :param invalid_test: Parametrized test data containing invalid movie_id,
                             expected status_code, and expected_message.
        ","87","Invalid movie ID: -1","tests.movies","Fri Oct 09 16:15:58 UTC 2026","passed","Fri Oct 09 16:15:58 UTC 2026","TestDetails","test_details","",""
"
        Search for a movie, then fetch the top result's full details.

        The id returned by ``search/movie`` is fed into ``movie/{id}`` and the response is
        asserted to describe the same movie.

        :param search_api: SearchAPI client fixture.
        :param movies_api: MoviesAPI client fixture.
        :param load_schema: Schema loader fixture.
        :param search_case: Parametrized search case supplying the query
                            (from the search_movies valid data).
        ","187","Journey: search 'Interstellar' -> movie details","tests.journeys","Fri Oct 09 16:15:54 UTC 2026","passed","Fri Oct 09 16:15:55 UTC 2026","TestSearchToDetails","test_search_to_details","",""
"
        Verify error response for invalid page parameter.

        Tests the GET /movie/popular endpoint with an invalid page number.
        Verifies the API returns a 400 Bad Request with appropriate error message.
        ","2","Get Popular Movies for Invalid Page","tests.contracts","Fri Oct 09 16:15:47 UTC 2026","passed","Fri Oct 09 16:15:47 UTC 2026","TestPopularMovies","test_popular_movies","",""
"
        Test discovering movies with each supported filter/sort parameter.

        Validates that a discovery request returns the paginated results
        correctly, including response structure and content. The client
        defaults the page parameter to 1 when not supplied.

        :param discover_api: DiscoverAPI client fixture from conftest.py.
        :param load_schema: Schema loader fixture from conftest.py.
        :param discover_case: Parametrized test data containing valid query_param
                              and expected status_code.
        ","88","Discover movies with query params: {'vote_average.gte': '7'}","tests.discover","Fri Oct 09 16:15:53 UTC 2026","passed","Fri Oct 09 16:15:53 UTC 2026","TestDiscoverMovies","test_movie","",""
"
        Test retrieving popular movies with default parameters.

        Validates that the default page of popular movies is returned
        correctly, including response structure and content.

        :param movies_api: MoviesAPI client fixture from conftest.py.
        :param load_schema: Schema loader fixture from conftest.py
        :param pop_movies: Parametrized test data containing valid query_param,
                           expected status_code, and expected_message.
        ","78","Get popular movies with query params: {'page': 2}","tests.movie_lists","Fri Oct 09 16:15:57 UTC 2026","passed","Fri Oct 09 16:15:57 UTC 2026","TestMoviesAPI","test_popular","",""
"
        Search for a movie, then fetch the top result's full details.

        The id returned by ``search/movie`` is fed into ``movie/{id}`` and the response is
        asserted to describe the same movie.

        :param search_api: SearchAPI client fixture.
        :param movies_api: MoviesAPI client fixture.
        :param load_schema: Schema loader fixture.
        :param search_case: Parametrized search case supplying the query
                            (from the search_movies valid data).
        ","153","Journey: search 'Jurassic Park' -> movie details","tests.journeys","Fri Oct 09 16:15:55 UTC 2026","passed","Fri Oct 09 16:15:55 UTC 2026","TestSearchToDetails","test_search_to_details","",""
"
        Test searching movies with each supported query parameter.

        Validates that a matched search returns the paginated results
        correctly, including response structure and content. The client
        defaults the page parameter to 1 when not supplied.

        :param search_api: SearchAPI client fixture from conftest.py.
        :param load_schema: Schema loader fixture from conftest.py.
        :param search_case: Parametrized test data containing valid query_param
                            and expected status_code.
        ","116","Search movies with query params: {'query': 'Titanic', 'region': 'US'}","tests.search","Fri Oct 09 16:15:59 UTC 2026","passed","Fri Oct 09 16:15:59 UTC 2026","TestSearchMovies","test_movie","",""
"
        Test updating a list with an invalid list ID.

        Validates that the API returns the expected error status code and
        message, with a body that conforms to the strict GenericResponse schema.

        :param lists_api: ListsAPI client fixture from conftest.py.
        :param load_schema: Schema loader fixture from conftest.py.
        :param update_list_invalid: Parametrized test data containing invalid
                                    list_id, payload, expected status_code, and
                                    expected_message.
        ","80","Update Description for invalid list ID 9999999999","tests.lists","Fri Oct 09 16:15:56 UTC 2026","passed","Fri Oct 09 16:15:56 UTC 2026","TestUpdate","test_update","",""
"
        Test discovering movies with each supported filter/sort parameter.

        Validates that a discovery request returns the paginated results
        correctly, including response structure and content. The client
        defaults the page parameter to 1 when not supplied.

        :param discover_api: DiscoverAPI client fixture from conftest.py.
        :param load_schema: Schema loader fixture from conftest.py.
        :param discover_case: Parametrized test data containing valid query_param
                              and expected status_code.
        ","74","Discover movies with query params: {'with_genres': '28'}","tests.discover","Fri Oct 09 16:15:53 UTC 2026","passed","Fri Oct 09 16:15:53 UTC 2026","TestDiscoverMovies","test_movie","",""
"
        Test fetching review details with an invalid review ID.

        Validates that the API returns the expected 404 status and message,
        with a body that conforms to the strict GenericResponse schema.

        :param reviews_api: ReviewsAPI client fixture from conftest.py.
        :param load_schema: Schema loader fixture from conftest.py.
        :param invalid_review_details: Parametrized test data containing an
                                       invalid review_id, expected status_code,
                                       and expected_message.
        ","77","Get details for invalid review ID: deadbeefdeadbeefdeadbeef","tests.reviews","Fri Oct 09 16:15:59 UTC 2026","passed","Fri Oct 09 16:15:59 UTC 2026","TestDetails","test_details","",""
"
        List trending movies, open the first one that has reviews, then fetch that
        review's full details.

        A review id harvested from ``movie/{id}/reviews`` is fed into
        ``review/{review_id}``, and the review-details ``media_id`` is asserted to
        point back to the trending movie the review was found on.

        :param trending_api: TrendingAPI client fixture.
        :param movies_api: MoviesAPI client fixture.
        :param reviews_api: ReviewsAPI client fixture.
        :param load_schema: Schema loader fixture.
        :param time_window: Trending window path segment ('day' or 'week').
        ","295","Journey: trending 'day' -> movie reviews -> review details","tests.journeys","Fri Oct 09 16:15:55 UTC 2026","passed","Fri Oct 09 16:15:56 UTC 2026","TestTrendingToReview","test_trending_to_review","",""
"
        Test discovering movies with each supported filter/sort parameter.

        Validates that a discovery request returns the paginated results
        correctly, including response structure and content. The client
        defaults the page parameter to 1 when not supplied.

        :param discover_api: DiscoverAPI client fixture from conftest.py.
        :param load_schema: Schema loader fixture from conftest.py.
        :param discover_case: Parametrized test data containing valid query_param
                              and expected status_code.
        ","82","Discover movies with query params: {'language': 'en-US'}","tests.discover","Fri Oct 09 16:15:52 UTC 2026","passed","Fri Oct 09 16:15:52 UTC 2026","TestDiscoverMovies","test_movie","",""
"
        Test discovering movies with each supported filter/sort parameter.

        Validates that a discovery request returns the paginated results
        correctly, including response structure and content. The client
        defaults the page parameter to 1 when not supplied.

        :param discover_api: DiscoverAPI client fixture from conftest.py.
        :param load_schema: Schema loader fixture from conftest.py.
        :param discover_case: Parametrized test data containing valid query_param
                              and expected status_code.
        ","96","Discover movies with query params: {'region': 'US'}","tests.discover","Fri Oct 09 16:15:53 UTC 2026","passed","Fri Oct 09 16:15:53 UTC 2026","TestDiscoverMovies","test_movie","",""
"
        Test searching movies with each supported query parameter.

        Validates that a matched search returns the paginated results
        correctly, including response structure and content. The client
        defaults the page parameter to 1 when not supplied.

        :param search_api: SearchAPI client fixture from conftest.py.
        :param load_schema: Schema loader fixture from conftest.py.
        :param search_case: Parametrized test data containing valid query_param
                            and expected status_code.
        ","47","Search movies with query params: {'query': 'Interstellar', 'include_adult': 'true'}","tests.search","Fri Oct 09 16:15:59 UTC 2026","passed","Fri Oct 09 16:15:59 UTC 2026","TestSearchMovies","test_movie","",""
"
        Test discovering movies with filters that match nothing.

        TMDB returns 200 with an empty results page for these requests
        rather than an error, so the test asserts the empty pagination
        body directly (the discover schema requires at least one result,
        so it does not apply here).

        :param discover_api: DiscoverAPI client fixture from conftest.py.
        :param empty_case: Parametrized test data containing a query_param
                           that yields no matches and expected status_code.
        ","134","Discover movies with no matches for query params: {'with_genres': '28', 'without_genres': '28'}","tests.discover","Fri Oct 09 16:15:53 UTC 2026","passed","Fri Oct 09 16:15:54 UTC 2026","TestDiscoverMovies","test_movie","",""
"``required`` lists every dimension plus ``overall_verdict`` in order.","1","test_requires_each_dimension_plus_overall","tests.evals","Fri Oct 09 16:15:54 UTC 2026","passed","Fri Oct 09 16:15:54 UTC 2026","TestOutputSchema","test_judge","",""
"A well-formed dataset returns its list of cases unchanged.

        :param tmp_path: Pytest temp-dir fixture for the dataset file.
        ","2","test_loads_valid_dataset","tests.evals","Fri Oct 09 16:15:54 UTC 2026","passed","Fri Oct 09 16:15:54 UTC 2026","TestLoadDataset","test_dataset","",""
"
        Test deleting a movie rating with an invalid movie ID (and, for one
        case, an invalid session ID).

        Validates that the API returns the expected error status code and
        message, with a body that conforms to the rating response schema.

        :param movies_api: MoviesAPI client fixture from conftest.py.
        :param load_schema: Schema loader fixture from conftest.py.
        :param delete_invalid_rating: Parametrized test data containing invalid
                                      movie_id, optional session_id, expected
                                      status_code, and expected_message.
        ","86","Delete movie rating for ID: 0","tests.movies","Fri Oct 09 16:15:57 UTC 2026","passed","Fri Oct 09 16:15:57 UTC 2026","TestDeleteRating","test_delete_rating","",""
"A failing judge + low confidence triggers a refine that returns the improved diagnosis.","1","test_refines_low_confidence_failing_diagnosis","tests.evals","Fri Oct 09 16:15:54 UTC 2026","passed","Fri Oct 09 16:15:54 UTC 2026","TestRefineUntilConfident","test_failure_refine","",""
"
        Test error handling for invalid movie IDs.

        Validates proper error responses when requesting non-existent
        or invalid movie IDs, ensuring appropriate status codes and
        error messages are returned.

        :param movies_api: MoviesAPI client fixture from conftest.py.
        :param load_schema: Schema loader fixture from conftest.py.
        :param invalid_test: Parametrized test data containing invalid movie_id,
                             expected status_code, and expected_message.
        ","97","Invalid movie ID: 9999999999","tests.movies","Fri Oct 09 16:15:58 UTC 2026","passed","Fri Oct 09 16:15:58 UTC 2026","TestDetails","test_details","",""
"
        Test discovering movies with each supported filter/sort parameter.

        Validates that a discovery request returns the paginated results
        correctly, including response structure and content. The client
        defaults the page parameter to 1 when not supplied.

        :param discover_api: DiscoverAPI client fixture from conftest.py.
        :param load_schema: Schema loader fixture from conftest.py.
        :param discover_case: Parametrized test data containing valid query_param
                              and expected status_code.
        ","116","Discover movies with query params: {'primary_release_year': '1989'}","tests.discover","Fri Oct 09 16:15:53 UTC 2026","passed","Fri Oct 09 16:15:53 UTC 2026","TestDiscoverMovies","test_movie","",""
"The top-level document must be a mapping with a non-empty ``cases`` list.

        :param tmp_path: Pytest temp-dir fixture.
        :param payload: A malformed top-level document.
        :param match: Substring expected in the raised ``ValueError``.
        ","1","test_rejects_bad_top_level[payload0-cases]","tests.evals","Fri Oct 09 16:15:54 UTC 2026","passed","Fri Oct 09 16:15:54 UTC 2026","TestLoadDataset","test_dataset","",""
"
        Test fetching person details with an invalid person ID.

        Validates that the API returns the expected error status code and
        message, with a body that conforms to the strict GenericResponse schema.

        :param people_api: PeopleAPI client fixture from conftest.py.
        :param load_schema: Schema loader fixture from conftest.py.
        :param invalid_person_details: Parametrized test data containing an
                                       invalid person_id, expected status_code,
                                       and expected_message.
        ","125","Get details for invalid person ID: 0","tests.people","Fri Oct 09 16:15:58 UTC 2026","passed","Fri Oct 09 16:15:58 UTC 2026","TestDetails","test_details","",""
"With an empty results list, the refined diagnosis is appended rather than replacing.","1","test_appends_when_no_matching_result","tests.evals","Fri Oct 09 16:15:54 UTC 2026","passed","Fri Oct 09 16:15:54 UTC 2026","TestRefine","test_failure_refine","",""
"
        Test searching movies with each supported query parameter.

        Validates that a matched search returns the paginated results
        correctly, including response structure and content. The client
        defaults the page parameter to 1 when not supplied.

        :param search_api: SearchAPI client fixture from conftest.py.
        :param load_schema: Schema loader fixture from conftest.py.
        :param search_case: Parametrized test data containing valid query_param
                            and expected status_code.
        ","45","Search movies with query params: {'query': 'Inception', 'language': 'en-US'}","tests.search","Fri Oct 09 16:15:59 UTC 2026","passed","Fri Oct 09 16:15:59 UTC 2026","TestSearchMovies","test_movie","",""
"
        Test successful retrieval of movie details for valid movie IDs.

        Validates the response for existing movie IDs, ensuring the
        expected status code, HTTP metadata, response structure, and
        Pydantic schema all match for a valid request.

        :param movies_api: MoviesAPI client fixture from conftest.py.
        :param load_schema: Schema loader fixture from conftest.py.
        :param movie_details: Parametrized test data containing valid movie_id,
                             expected status_code, and expected_message.
        ","109","Get movie details for ID: 44391","tests.movies","Fri Oct 09 16:15:57 UTC 2026","passed","Fri Oct 09 16:15:57 UTC 2026","TestDetails","test_details","",""
"
        Test retrieving popular movies with invalid parameters.

        Validates that appropriate error responses are returned when
        invalid query parameters are provided for the popular movies endpoint.

        :param movies_api: MoviesAPI client fixture from conftest.py.
        :param load_schema: Schema loader fixture from conftest.py.
        :param invalid_test: Parametrized test data containing invalid query_param,
                             expected status_code, and expected_message.
        ","75","Get invalid popular movies with query params: {'page': -1}","tests.movie_lists","Fri Oct 09 16:15:57 UTC 2026","passed","Fri Oct 09 16:15:57 UTC 2026","TestMoviesAPI","test_popular","",""
"
        Test discovering movies with each supported filter/sort parameter.

        Validates that a discovery request returns the paginated results
        correctly, including response structure and content. The client
        defaults the page parameter to 1 when not supplied.

        :param discover_api: DiscoverAPI client fixture from conftest.py.
        :param load_schema: Schema loader fixture from conftest.py.
        :param discover_case: Parametrized test data containing valid query_param
                              and expected status_code.
        ","104","Discover movies with query params: {'include_video': 'true'}","tests.discover","Fri Oct 09 16:15:52 UTC 2026","passed","Fri Oct 09 16:15:53 UTC 2026","TestDiscoverMovies","test_movie","",""
"Each required per-case field is enforced with a naming ``ValueError``.

        :param tmp_path: Pytest temp-dir fixture.
        :param mutate: A function that breaks one field of a valid case in place.
        :param match: Substring expected in the raised ``ValueError``.
        ","2","test_rejects_invalid_case[<lambda>-expected_root_cause is required]","tests.evals","Fri Oct 09 16:15:54 UTC 2026","passed","Fri Oct 09 16:15:54 UTC 2026","TestLoadDataset","test_dataset","",""
"A non-numeric ``confidence`` is left untouched (the judge tolerates it).","0","test_leaves_unparseable_confidence","tests.evals","Fri Oct 09 16:15:54 UTC 2026","passed","Fri Oct 09 16:15:54 UTC 2026","TestSanitizeDiagnosis","test_judge","",""
"Two cases sharing an ``id`` raise a duplicate-id error.

        :param tmp_path: Pytest temp-dir fixture.
        ","3","test_rejects_duplicate_id","tests.evals","Fri Oct 09 16:15:54 UTC 2026","passed","Fri Oct 09 16:15:54 UTC 2026","TestLoadDataset","test_dataset","",""
"
        Search for a movie, then fetch the top result's full details.

        The id returned by ``search/movie`` is fed into ``movie/{id}`` and the response is
        asserted to describe the same movie.

        :param search_api: SearchAPI client fixture.
        :param movies_api: MoviesAPI client fixture.
        :param load_schema: Schema loader fixture.
        :param search_case: Parametrized search case supplying the query
                            (from the search_movies valid data).
        ","228","Journey: search 'Titanic' -> movie details","tests.journeys","Fri Oct 09 16:15:55 UTC 2026","passed","Fri Oct 09 16:15:55 UTC 2026","TestSearchToDetails","test_search_to_details","",""
"
        Test updating a list with valid parameters.

        Validates that the list is updated correctly, returning the expected
        201 success response, correct HTTP metadata, and a body that conforms
        to the strict GenericResponse schema.

        :param lists_api: ListsAPI client fixture from conftest.py.
        :param load_schema: Schema loader fixture from conftest.py.
        :param update_list: Parametrized test data containing valid list_id,
                            payload, expected status_code, and expected_message.
        ","219","Update Description for list ID 8637178","tests.lists","Fri Oct 09 16:15:56 UTC 2026","passed","Fri Oct 09 16:15:56 UTC 2026","TestUpdate","test_update","",""
"
        Test discovering movies with each supported filter/sort parameter.

        Validates that a discovery request returns the paginated results
        correctly, including response structure and content. The client
        defaults the page parameter to 1 when not supplied.

        :param discover_api: DiscoverAPI client fixture from conftest.py.
        :param load_schema: Schema loader fixture from conftest.py.
        :param discover_case: Parametrized test data containing valid query_param
                              and expected status_code.
        ","81","Discover movies with query params: {'page': 2}","tests.discover","Fri Oct 09 16:15:52 UTC 2026","passed","Fri Oct 09 16:15:52 UTC 2026","TestDiscoverMovies","test_movie","",""
"
        Test updating a list with an invalid list ID.

        Validates that the API returns the expected error status code and
        message, with a body that conforms to the strict GenericResponse schema.

        :param lists_api: ListsAPI client fixture from conftest.py.
        :param load_schema: Schema loader fixture from conftest.py.
        :param update_list_invalid: Parametrized test data containing invalid
                                    list_id, payload, expected status_code, and
                                    expected_message.
        ","83","Update Description for invalid list ID 0","tests.lists","Fri Oct 09 16:15:56 UTC 2026","passed","Fri Oct 09 16:15:57 UTC 2026","TestUpdate","test_update","",""
"Each required per-case field is enforced with a naming ``ValueError``.

        :param tmp_path: Pytest temp-dir fixture.
        :param mutate: A function that breaks one field of a valid case in place.
        :param match: Substring expected in the raised ``ValueError``.
        ","1","test_rejects_invalid_case[<lambda>-missing 'expected']","tests.evals","Fri Oct 09 16:15:54 UTC 2026","passed","Fri Oct 09 16:15:54 UTC 2026","TestLoadDataset","test_dataset","",""
"
        Search for a movie, then fetch the top result's full details.

        The id returned by ``search/movie`` is fed into ``movie/{id}`` and the response is
        asserted to describe the same movie.

        :param search_api: SearchAPI client fixture.
        :param movies_api: MoviesAPI client fixture.
        :param load_schema: Schema loader fixture.
        :param search_case: Parametrized search case supplying the query
                            (from the search_movies valid data).
        ","168","Journey: search 'The Matrix' -> movie details","tests.journeys","Fri Oct 09 16:15:55 UTC 2026","passed","Fri Oct 09 16:15:55 UTC 2026","TestSearchToDetails","test_search_to_details","",""
"
        Test discovering movies with each supported filter/sort parameter.

        Validates that a discovery request returns the paginated results
        correctly, including response structure and content. The client
        defaults the page parameter to 1 when not supplied.

        :param discover_api: DiscoverAPI client fixture from conftest.py.
        :param load_schema: Schema loader fixture from conftest.py.
        :param discover_case: Parametrized test data containing valid query_param
                              and expected status_code.
        ","84","Discover movies with query params: {'include_adult': 'true'}","tests.discover","Fri Oct 09 16:15:52 UTC 2026","passed","Fri Oct 09 16:15:52 UTC 2026","TestDiscoverMovies","test_movie","",""
"
        Test adding a movie rating with an invalid rating value.

        Validates that submitting an out-of-range rating value returns the
        expected 400 Bad Request with one of the accepted validation messages.

        :param movies_api: MoviesAPI client fixture from conftest.py.
        :param load_schema: Schema loader fixture from conftest.py.
        :param add_invalid_rating: Parametrized test data containing movie_id, an
                                   invalid rating payload, expected status_code,
                                   and the set of acceptable validation messages.
        ","78","Add rating -4.0 for movie ID: 8464","tests.movies","Fri Oct 09 16:15:57 UTC 2026","passed","Fri Oct 09 16:15:57 UTC 2026","TestAddRating","test_add_rating","",""
"
        List trending movies, open the first one that has reviews, then fetch that
        review's full details.

        A review id harvested from ``movie/{id}/reviews`` is fed into
        ``review/{review_id}``, and the review-details ``media_id`` is asserted to
        point back to the trending movie the review was found on.

        :param trending_api: TrendingAPI client fixture.
        :param movies_api: MoviesAPI client fixture.
        :param reviews_api: ReviewsAPI client fixture.
        :param load_schema: Schema loader fixture.
        :param time_window: Trending window path segment ('day' or 'week').
        ","277","Journey: trending 'week' -> movie reviews -> review details","tests.journeys","Fri Oct 09 16:15:56 UTC 2026","passed","Fri Oct 09 16:15:56 UTC 2026","TestTrendingToReview","test_trending_to_review","",""
"
        Test fetching network details with an invalid network ID.

        Validates that the API returns the expected error status code and
        message, with a body that conforms to the strict GenericResponse schema.

        :param networks_api: NetworksAPI client fixture from conftest.py.
        :param load_schema: Schema loader fixture from conftest.py.
        :param invalid_network_details: Parametrized test data containing an
                                        invalid network_id, expected status_code,
                                        and expected_message.
        ","81","Get details for invalid network ID: 99999999","tests.networks","Fri Oct 09 16:15:58 UTC 2026","passed","Fri Oct 09 16:15:58 UTC 2026","TestDetails","test_details","",""
"Each required per-case field is enforced with a naming ``ValueError``.

        :param tmp_path: Pytest temp-dir fixture.
        :param mutate: A function that breaks one field of a valid case in place.
        :param match: Substring expected in the raised ``ValueError``.
        ","2","test_rejects_invalid_case[<lambda>-missing 'id']","tests.evals","Fri Oct 09 16:15:54 UTC 2026","passed","Fri Oct 09 16:15:54 UTC 2026","TestLoadDataset","test_dataset","",""
"
        Test deleting a movie rating with an invalid movie ID (and, for one
        case, an invalid session ID).

        Validates that the API returns the expected error status code and
        message, with a body that conforms to the rating response schema.

        :param movies_api: MoviesAPI client fixture from conftest.py.
        :param load_schema: Schema loader fixture from conftest.py.
        :param delete_invalid_rating: Parametrized test data containing invalid
                                      movie_id, optional session_id, expected
                                      status_code, and expected_message.
        ","140","Delete movie rating for ID: 9999999999","tests.movies","Fri Oct 09 16:15:57 UTC 2026","passed","Fri Oct 09 16:15:57 UTC 2026","TestDeleteRating","test_delete_rating","",""
"The top-level document must be a mapping with a non-empty ``cases`` list.

        :param tmp_path: Pytest temp-dir fixture.
        :param payload: A malformed top-level document.
        :param match: Substring expected in the raised ``ValueError``.
        ","1","test_rejects_bad_top_level[payload1-cases]","tests.evals","Fri Oct 09 16:15:54 UTC 2026","passed","Fri Oct 09 16:15:54 UTC 2026","TestLoadDataset","test_dataset","",""
"Each required per-case field is enforced with a naming ``ValueError``.

        :param tmp_path: Pytest temp-dir fixture.
        :param mutate: A function that breaks one field of a valid case in place.
        :param match: Substring expected in the raised ``ValueError``.
        ","1","test_rejects_invalid_case[<lambda>-not in]","tests.evals","Fri Oct 09 16:15:54 UTC 2026","passed","Fri Oct 09 16:15:54 UTC 2026","TestLoadDataset","test_dataset","",""
"
        Test searching movies with each supported query parameter.

        Validates that a matched search returns the paginated results
        correctly, including response structure and content. The client
        defaults the page parameter to 1 when not supplied.

        :param search_api: SearchAPI client fixture from conftest.py.
        :param load_schema: Schema loader fixture from conftest.py.
        :param search_case: Parametrized test data containing valid query_param
                            and expected status_code.
        ","50","Search movies with query params: {'query': 'Spider-Man', 'page': 2}","tests.search","Fri Oct 09 16:15:59 UTC 2026","passed","Fri Oct 09 16:15:59 UTC 2026","TestSearchMovies","test_movie","",""
"
        Test discovering movies with each supported filter/sort parameter.

        Validates that a discovery request returns the paginated results
        correctly, including response structure and content. The client
        defaults the page parameter to 1 when not supplied.

        :param discover_api: DiscoverAPI client fixture from conftest.py.
        :param load_schema: Schema loader fixture from conftest.py.
        :param discover_case: Parametrized test data containing valid query_param
                              and expected status_code.
        ","85","Discover movies with query params: {'sort_by': 'popularity.desc'}","tests.discover","Fri Oct 09 16:15:53 UTC 2026","passed","Fri Oct 09 16:15:53 UTC 2026","TestDiscoverMovies","test_movie","",""
"
        Test fetching person details with a valid person ID.

        Validates that the response returns the expected 200 status, correct
        HTTP metadata, and a body that conforms to the strict PersonDetails
        schema.

        :param people_api: PeopleAPI client fixture from conftest.py.
        :param load_schema: Schema loader fixture from conftest.py.
        :param person_details: Parametrized test data containing a valid
                               person_id, expected status_code, and reason.
        ","85","Get details for person ID: 5","tests.people","Fri Oct 09 16:15:58 UTC 2026","passed","Fri Oct 09 16:15:58 UTC 2026","TestDetails","test_details","",""
"
        Test successful retrieval of movie details for valid movie IDs.

        Validates the response for existing movie IDs, ensuring the
        expected status code, HTTP metadata, response structure, and
        Pydantic schema all match for a valid request.

        :param movies_api: MoviesAPI client fixture from conftest.py.
        :param load_schema: Schema loader fixture from conftest.py.
        :param movie_details: Parametrized test data containing valid movie_id,
                             expected status_code, and expected_message.
        ","89","Get movie details for ID: 56784","tests.movies","Fri Oct 09 16:15:57 UTC 2026","passed","Fri Oct 09 16:15:57 UTC 2026","TestDetails","test_details","",""
"
        Test deleting an existing movie rating with a valid session.

        Validates that deleting a previously rated movie returns the expected
        200 success response, correct HTTP metadata, and a body that conforms
        to the strict RatingResponse schema.

        :param movies_api: MoviesAPI client fixture from conftest.py.
        :param load_schema: Schema loader fixture from conftest.py.
        :param delete_valid_rating: Parametrized test data containing the
                                     expected status_code, reason, and message.
        ","218","Delete movie rating for ID: 33581","tests.movies","Fri Oct 09 16:15:52 UTC 2026","passed","Fri Oct 09 16:15:52 UTC 2026","TestDeleteRating","test_delete_rating","",""
"Verify 404 error response structure for non-existent movie ID 99999999. Using matchers to allow flexible type-based matching.","3","Get Invalid Movie Details","tests.contracts","Fri Oct 09 16:15:47 UTC 2026","passed","Fri Oct 09 16:15:47 UTC 2026","TestMovieDetails","test_movie_details","",""
"The original diagnosis dict is not modified; a new dict is returned.","0","test_does_not_mutate_input","tests.evals","Fri Oct 09 16:15:54 UTC 2026","passed","Fri Oct 09 16:15:54 UTC 2026","TestSanitizeDiagnosis","test_judge","",""
